{
	"ulid": "01K0PYVKR1E2B6PNQ9E160G8K8",
	"minTime": 1753034400067,
	"maxTime": 1753099200000,
	"stats": {
		"numSamples": 48855,
		"numSeries": 30,
		"numChunks": 577
	},
	"compaction": {
		"level": 3,
		"sources": [
			"01K0MT64FJ2HAXNRVDS00FCQAZ",
			"01K0N1VGRZ0KBAMDHJC34348X7",
			"01K0N9YAVW1YNTV9WS57BWZX0K",
			"01K0NG57EYZDS80GB6B07BC7MP",
			"01K0NQ8KRBWTD9WNMY7S108ZAT",
			"01K0NY9REBJXCFJ8249A6B753A",
			"01K0P7DA6B6JPEG6GSZH5PA8B1",
			"01K0PBPM1M7ZQPZKCCA9XEGJ47",
			"01K0PHQ1ANX2EH4TN6Z46Y6346"
		],
		"parents": [
			{
				"ulid": "01K0NQ8KZ4E6Z79WJMHC5YAY2Q",
				"minTime": 1753034400067,
				"maxTime": 1753056000000
			},
			{
				"ulid": "01K0PBPM9C650D8H150MEZFK36",
				"minTime": 1753056001079,
				"maxTime": 1753077600000
			},
			{
				"ulid": "01K0PYVKHQ0BEX59XVQJF2D613",
				"minTime": 1753079468011,
				"maxTime": 1753099200000
			}
		]
	},
	"version": 1
}