{
	"ulid": "01K0RCH3V7DQ906XT2A57V7WB4",
	"minTime": 1753120801113,
	"maxTime": 1753142400000,
	"stats": {
		"numSamples": 19835,
		"numSeries": 30,
		"numChunks": 240
	},
	"compaction": {
		"level": 2,
		"sources": [
			"01K0QCK64129GKNM42KGDZXDT8",
			"01K0QKXJHJ13B269D1VZJNT6FB",
			"01K0QWZS2JHANBH6SM4QCZDG6Q"
		],
		"parents": [
			{
				"ulid": "01K0QCK64129GKNM42KGDZXDT8",
				"minTime": 1753120801113,
				"maxTime": 1753128000000
			},
			{
				"ulid": "01K0QKXJHJ13B269D1VZJNT6FB",
				"minTime": 1753128000556,
				"maxTime": 1753135200000
			},
			{
				"ulid": "01K0QWZS2JHANBH6SM4QCZDG6Q",
				"minTime": 1753135691863,
				"maxTime": 1753142400000
			}
		]
	},
	"version": 1
}