{
	"ulid": "01K0QKXJV1208YSN28TY3KR6SS",
	"minTime": 1753099206262,
	"maxTime": 1753120800000,
	"stats": {
		"numSamples": 42135,
		"numSeries": 30,
		"numChunks": 314
	},
	"compaction": {
		"level": 2,
		"sources": [
			"01K0PR00J3C6JVCQ4R9WT9JC91",
			"01K0PYVK94GE3EN66FPS6GE2XW",
			"01K0Q5QA0G9XKETFWJ95TTDFY6"
		],
		"parents": [
			{
				"ulid": "01K0PR00J3C6JVCQ4R9WT9JC91",
				"minTime": 1753099206262,
				"maxTime": 1753106400000
			},
			{
				"ulid": "01K0PYVK94GE3EN66FPS6GE2XW",
				"minTime": 1753106401578,
				"maxTime": 1753113600000
			},
			{
				"ulid": "01K0Q5QA0G9XKETFWJ95TTDFY6",
				"minTime": 1753113601715,
				"maxTime": 1753120800000
			}
		]
	},
	"version": 1
}