{
	"ulid": "01K0DAM088VQG9XFR16QSJB6BG",
	"minTime": 1752713186387,
	"maxTime": 1752775200000,
	"stats": {
		"numSamples": 359254,
		"numSeries": 1955,
		"numChunks": 4262
	},
	"compaction": {
		"level": 3,
		"sources": [
			"01K0B8Z81S92JB3VVN0N5AH5YT",
			"01K0BF5XEHVC40S9X18485PRKW",
			"01K0BNV7H654K9BK4N9H27NHCF",
			"01K0BV5JQBBRTBNX3Z43VQZMSV",
			"01K0C0VKXSFT3M0X16V8QA9101",
			"01K0C7GY6WV94HGFVY0XQGRQM4",
			"01K0CECQ3C7TFCD356366M74YB",
			"01K0CN8ECFQAXGH457HRFN1HR1",
			"01K0CXYTN4SE16NP9H2ZFSDN91"
		],
		"parents": [
			{
				"ulid": "01K0C0VMA9J605GWTNZ0PRSVTR",
				"minTime": 1752713186387,
				"maxTime": 1752732000000
			},
			{
				"ulid": "01K0CN8EQPWPEE4T1FBDBZYA79",
				"minTime": 1752732147522,
				"maxTime": 1752753600000
			},
			{
				"ulid": "01K0DAKZY9A9N87YFRD27J66GQ",
				"minTime": 1752753605187,
				"maxTime": 1752775200000
			}
		]
	},
	"version": 1
}