timestamp,function,duration_seconds,memory_kb,total_cpu_time_seconds
2025-07-17 14:53:43,check_smart_contract,0.0009,0.87,0.001
2025-07-17 14:53:44,check_smart_contract_deployment,1.0906,1.03,0.0047
2025-07-17 14:53:45,verify_node_identity,0.2075,1.63,0.2032
2025-07-17 14:53:46,is_node_registered_js,1.0616,1.03,0.0038

2025-07-17 15:14:02,check_smart_contract,0.0007,0.87,0.0008
2025-07-17 15:14:03,check_smart_contract_deployment,1.082,1.03,0.0045
2025-07-17 15:14:03,verify_node_identity,0.1965,1.63,0.1945
2025-07-17 15:14:04,is_node_registered_js,1.1042,1.03,0.0041

2025-07-17 15:44:58,check_smart_contract,0.0003,0.87,0.0004
2025-07-17 15:44:59,check_smart_contract_deployment,1.1519,12.21,0.0086
2025-07-17 15:45:00,verify_node_identity,0.2142,1.63,0.2014
2025-07-17 15:45:01,is_node_registered_js,1.1406,12.63,0.0087

