timestamp,function,duration_seconds,memory_kb,total_cpu_time_seconds
2025-07-17 14:52:48,check_smart_contract,0.0006,0.87,0.0006
2025-07-17 14:52:49,check_smart_contract_deployment,1.0693,1.09,0.0043
2025-07-17 14:52:50,verify_node_identity,0.8153,2201.6,0.8023
2025-07-17 14:52:51,is_node_registered_js,1.0548,1.03,0.0041
2025-07-17 14:52:56,register_node_on_chain,4.6811,1.31,0.0077
2025-07-17 14:52:57,get_enode,0.1286,30.22,0.0222
2025-07-17 14:52:57,send_acknowledgment,0.5457,0.0,0.0417

2025-07-17 15:13:07,check_smart_contract,0.0003,0.87,0.0003
2025-07-17 15:13:08,check_smart_contract_deployment,1.1528,1.52,0.0061
2025-07-17 15:13:09,verify_node_identity,0.8283,2201.98,0.8194
2025-07-17 15:13:10,is_node_registered_js,1.1034,1.03,0.0044
2025-07-17 15:13:19,register_node_on_chain,8.7439,14.94,0.0252
2025-07-17 15:13:20,get_enode,0.1324,30.09,0.0214
2025-07-17 15:13:20,send_acknowledgment,0.4061,0.0,0.039

2025-07-17 15:43:54,check_smart_contract,0.0004,0.9,0.0005
2025-07-17 15:43:55,check_smart_contract_deployment,1.1563,1.52,0.0063
2025-07-17 15:43:56,verify_node_identity,0.8,2201.64,0.7934
2025-07-17 15:43:57,is_node_registered_js,1.0777,1.03,0.0042
2025-07-17 15:44:00,register_node_on_chain,2.6631,1.31,0.0061
2025-07-17 15:44:01,get_enode,0.1729,30.01,0.0288
2025-07-17 15:44:02,send_acknowledgment,0.4915,0.0,0.0536

