{
	"ulid": "01K0K3RDN9HNEWNDHNE869NGX1",
	"minTime": 1752905517373,
	"maxTime": 1752969600000,
	"stats": {
		"numSamples": 61595,
		"numSeries": 30,
		"numChunks": 663
	},
	"compaction": {
		"level": 3,
		"sources": [
			"01K0GZCBD62A66T9MYN8FPWDD0",
			"01K0H5ZDT4RD81V365B7VWX6MP",
			"01K0HDBSQ9JBZ0E8BEVT9YZHBF",
			"01K0HKRFE91T02QQ3FH7HBXQRT",
			"01K0HTMN90CAD24HXXK3X0DBV0",
			"01K0J0XX1QDQCHT91JG894SN33",
			"01K0J7SGFXF2ZB5ZN48BCF00S6",
			"01K0JEN97PP87CXZF9F9M0H9AZ",
			"01K0JNH611CV07QEYJNMG9NJ2M"
		],
		"parents": [
			{
				"ulid": "01K0HTMNJJMH2KBBEF0V2ZB8JK",
				"minTime": 1752905517373,
				"maxTime": 1752926400000
			},
			{
				"ulid": "01K0JEN9EJE83QS718GH1Y8P8T",
				"minTime": 1752927002448,
				"maxTime": 1752948000000
			},
			{
				"ulid": "01K0K3RDD0CZZJDB4B84CG22ES",
				"minTime": 1752948000428,
				"maxTime": 1752969600000
			}
		]
	},
	"version": 1
}