timestamp,function,duration_seconds,memory_kb,total_cpu_time_seconds
2025-07-17 14:56:14,check_smart_contract,0.0003,0.96,0.0004
2025-07-17 14:56:15,check_smart_contract_deployment,1.2273,1.11,0.0047
2025-07-17 14:56:15,verify_node_identity,0.1983,1.69,0.1964
2025-07-17 14:56:17,is_node_registered_js,1.1714,1.11,0.0045

2025-07-17 15:17:08,check_smart_contract,0.0004,0.96,0.0003
2025-07-17 15:17:09,check_smart_contract_deployment,1.2575,1.11,0.0055
2025-07-17 15:17:10,verify_node_identity,0.1879,1.69,0.186
2025-07-17 15:17:11,is_node_registered_js,1.2499,1.11,0.0054

2025-07-17 15:47:50,check_smart_contract,0.0009,0.87,0.001
2025-07-17 15:47:51,check_smart_contract_deployment,1.2074,1.04,0.0044
2025-07-17 15:47:51,verify_node_identity,0.1985,1.63,0.1933
2025-07-17 15:47:53,is_node_registered_js,1.2849,1.04,0.0042

