timestamp,function,duration_seconds,memory_kb,total_cpu_time_seconds
2025-07-17 14:55:23,check_smart_contract,0.0006,0.87,0.0006
2025-07-17 14:55:25,check_smart_contract_deployment,1.919,1.11,0.005
2025-07-17 14:55:26,verify_node_identity,0.9018,2206.5,0.8241
2025-07-17 14:55:28,is_node_registered_js,1.3933,1.11,0.0047
2025-07-17 14:55:40,register_node_on_chain,12.5616,1.53,0.0184
2025-07-17 14:55:42,get_enode,0.2443,30.08,0.0215
2025-07-17 14:55:42,send_acknowledgment,0.6709,0.0,0.0444

2025-07-17 15:16:10,check_smart_contract,0.0009,0.87,0.0009
2025-07-17 15:16:12,check_smart_contract_deployment,1.9246,1.04,0.0047
2025-07-17 15:16:13,verify_node_identity,0.9003,2205.9,0.8666
2025-07-17 15:16:14,is_node_registered_js,1.4142,1.11,0.0045
2025-07-17 15:16:25,register_node_on_chain,10.2512,1.53,0.0151
2025-07-17 15:16:26,get_enode,0.2199,30.05,0.0356
2025-07-17 15:16:26,send_acknowledgment,0.6235,0.0,0.0551

2025-07-17 15:46:59,check_smart_contract,0.0009,0.87,0.0009
2025-07-17 15:47:01,check_smart_contract_deployment,1.9056,1.04,0.0053
2025-07-17 15:47:02,verify_node_identity,0.7888,2205.12,0.7815
2025-07-17 15:47:03,is_node_registered_js,1.5618,1.04,0.0051
2025-07-17 15:47:21,register_node_on_chain,17.5032,1.47,0.0264
2025-07-17 15:47:22,get_enode,0.1856,29.99,0.0389
2025-07-17 15:47:22,send_acknowledgment,0.5799,0.0,0.0656

