timestamp,function,duration_seconds,memory_kb,total_cpu_time_seconds
2025-07-17 14:58:25,check_smart_contract,0.0002,0.87,0.0003
2025-07-17 14:58:26,check_smart_contract_deployment,1.4841,1.04,0.0039
2025-07-17 14:58:27,verify_node_identity,0.9434,2205.85,0.924
2025-07-17 14:58:28,is_node_registered_js,0.9913,1.04,0.0039

2025-07-17 14:59:07,check_smart_contract,0.0005,0.87,0.0004
2025-07-17 14:59:08,check_smart_contract_deployment,0.8988,1.04,0.0074
2025-07-17 14:59:09,verify_node_identity,0.22,1.69,0.2193
2025-07-17 14:59:09,is_node_registered_js,0.8294,1.11,0.0033

2025-07-17 15:18:54,check_smart_contract,0.0002,0.87,0.0002
2025-07-17 15:18:55,check_smart_contract_deployment,1.4623,0.99,0.0037
2025-07-17 15:18:56,verify_node_identity,0.927,2206.39,0.9268
2025-07-17 15:18:58,is_node_registered_js,1.3263,1.04,0.0047

2025-07-17 15:19:32,check_smart_contract,0.0002,0.87,0.0002
2025-07-17 15:19:33,check_smart_contract_deployment,0.8238,1.04,0.0033
2025-07-17 15:19:34,verify_node_identity,0.2727,1.66,0.2715
2025-07-17 15:19:34,is_node_registered_js,0.8218,1.04,0.0034

2025-07-17 15:49:28,check_smart_contract,0.0004,0.87,0.0005
2025-07-17 15:49:29,check_smart_contract_deployment,1.6174,0.99,0.0078
2025-07-17 15:49:30,verify_node_identity,0.9012,2204.79,0.8993
2025-07-17 15:49:32,is_node_registered_js,1.2823,1.04,0.0041

2025-07-17 15:50:19,check_smart_contract,0.0002,0.87,0.0002
2025-07-17 15:50:20,check_smart_contract_deployment,0.8236,1.04,0.0033
2025-07-17 15:50:20,verify_node_identity,0.2302,1.66,0.2292
2025-07-17 15:50:21,is_node_registered_js,0.881,1.04,0.0034

