{
	"ulid": "01K09FCSTR89A06V507CX70900",
	"minTime": 1752600021731,
	"maxTime": 1752645600000,
	"stats": {
		"numSamples": 318460,
		"numSeries": 1948,
		"numChunks": 4086
	},
	"compaction": {
		"level": 3,
		"sources": [
			"01K07W9PCJ13BQ3HTQM0W0QKKF",
			"01K07ZSWN0TX22D1E183TM99Q0",
			"01K0882FY9XDPPM8R2YA3MZXES",
			"01K08DKB2ZSC2JA0E9ZP0WHXAR",
			"01K08PR9XJQW66212WPSZKTJ8S",
			"01K08W9W689SSN1CV5HG3K0HEE",
			"01K093JKREJG7VDPT3TMC4VVVP"
		],
		"parents": [
			{
				"ulid": "01K07W9PCJ13BQ3HTQM0W0QKKF",
				"minTime": 1752600021731,
				"maxTime": 1752602400000
			},
			{
				"ulid": "01K08W9WGAT8DDJ8TJMVHMKAHW",
				"minTime": 1752602400814,
				"maxTime": 1752624000000
			},
			{
				"ulid": "01K09FCSK31S1T6FNX6CXB1QM9",
				"minTime": 1752625751898,
				"maxTime": 1752645600000
			}
		]
	},
	"version": 1
}