{
	"ulid": "01K0N1VH9YVM3M3RGQ15GAEAVA",
	"minTime": 1752969610850,
	"maxTime": 1753034400000,
	"stats": {
		"numSamples": 56925,
		"numSeries": 30,
		"numChunks": 583
	},
	"compaction": {
		"level": 3,
		"sources": [
			"01K0JXPGSS759GR6TCCKRD7NX4",
			"01K0K3RD2GPMMYTAJQRXHZGPFP",
			"01K0KBNF4HZSMFZJDNTG60ZDWJ",
			"01K0KJ88XH855P4WBZSXN3XBFR",
			"01K0KS23TY5F1VZQQG0TGDFBHW",
			"01K0KZXVV3MCAR8AX9V6Q5H0FN",
			"01K0M5JYRXT90YZYC5Z2WXJJJT",
			"01K0MCWFC5NFC910DDZ0P3387P",
			"01K0MKAJYM1X2E8W8Q7ZJ99ENX"
		],
		"parents": [
			{
				"ulid": "01K0KS242ES0XVS9TXMJ8W5CCA",
				"minTime": 1752969610850,
				"maxTime": 1752991200000
			},
			{
				"ulid": "01K0MCWFNK1K63TYCFY8P1Z94N",
				"minTime": 1752992349612,
				"maxTime": 1753012800000
			},
			{
				"ulid": "01K0N1VH32WY3FHYJ6STNWC2YC",
				"minTime": 1753012800524,
				"maxTime": 1753034400000
			}
		]
	},
	"version": 1
}