{
    "prefunded_accounts": [
        {
            "private_key": "667b826264a5486de48c5544fc9b7359c692a95f11b157933f761f4ac8935a09",
            "address": "0xd29E2A90337894cc88bb808E01774DfC2889d37F"
        },
        {
            "private_key": "495bce3e07a33548378b3e5d16c0b4587467a59cc3831f44d95bdb77f1dca83c",
            "address": "0x6BF92DC57839EcE81553F58E12c25fcCBfd6740C"
        },
        {
            "private_key": "79f225e7fbbe0da83e4f704bf9ff3914c66cd07d8c07a6f90cc0d010553e917b",
            "address": "0x39b0E37891B6Bc2B3e059ccc60189708B0bEE5FD"
        }
    ]
}