{
    "genesis": {
        "config": {
            "chainId": 1337,
            "berlinBlock": 0,
            "qbft": {
                "blockperiodseconds": 5,
                "epochlength": 30000,
                "requesttimeoutseconds": 4
            },
            "zeroBaseFee": true
        },
        "nonce": "0x0",
        "timestamp": "0x58ee40ba",
        "gasLimit": "0x1C9C380",
        "difficulty": "0x1",
        "coinbase": "0x0000000000000000000000000000000000000000",
        "alloc": {
            "0xd29E2A90337894cc88bb808E01774DfC2889d37F": {
                "balance": "90000000000000000000000"
            },
            "0x6BF92DC57839EcE81553F58E12c25fcCBfd6740C": {
                "balance": "90000000000000000000000"
            },
            "0x39b0E37891B6Bc2B3e059ccc60189708B0bEE5FD": {
                "balance": "90000000000000000000000"
            }
        }
    },
    "blockchain": {
        "nodes": {
            "generate": false,
            "count": 1
        }
    }
}