{
	"ulid": "01K0F8MRKC74PYETYK59K35RA6",
	"minTime": 1752775229345,
	"maxTime": 1752840000000,
	"stats": {
		"numSamples": 31288,
		"numSeries": 246,
		"numChunks": 648
	},
	"compaction": {
		"level": 3,
		"sources": [
			"01K0D3R2F7XPBF552D7GQ74C1D",
			"01K0DAKZHAE4D3KEAA52CYP07Y",
			"01K0DGX34CV69GKAHSJ8967Y7K",
			"01K0DSE07FKFMD4EGPXHKE7B9Q",
			"01K0E047EM6J8GKGQSQYQF0W9H",
			"01K0E71CJGGYHY7ZJW43FXWN6N",
			"01K0EDN4SJ1V9N5VAC5PYG5X0G",
			"01K0EMGKB2HDDA3X239PB1EWC8",
			"01K0EVCS3WGY7DDVV5D3S7PKHQ"
		],
		"parents": [
			{
				"ulid": "01K0E0485QG6KWH7Z6BJCB53D2",
				"minTime": 1752775229345,
				"maxTime": 1752796800000
			},
			{
				"ulid": "01K0EMGKNS0N56NRK04B4NNMJ7",
				"minTime": 1752796985745,
				"maxTime": 1752818400000
			},
			{
				"ulid": "01K0F8MR9YJEXN1HTTTHWARZ8S",
				"minTime": 1752819805018,
				"maxTime": 1752840000000
			}
		]
	},
	"version": 1
}