{
    "config": {
        "chainId": 1337,
        "berlinBlock": 0,
        "qbft": {
            "blockperiodseconds": 5,
            "epochlength": 30000,
            "requesttimeoutseconds": 4
        },
        "zeroBaseFee": true
    },
    "nonce": "0x0",
    "timestamp": "0x58ee40ba",
    "gasLimit": "0x1fffffffffffff",
    "difficulty": "0x1",
    "coinbase": "0x0000000000000000000000000000000000000000",
    "alloc": {
        "0x4BDaeE64B34402F02198a2D47779C0669149e6FD": {
            "balance": "90000000000000000000000"
        },
        "0x85c278812C55fBc202225C8D7694097Ca256c98E": {
            "balance": "90000000000000000000000"
        },
        "0x6dC24F4089A5eCFf11CADbD271237BB3522CfC6E": {
            "balance": "90000000000000000000000"
        }
    },
    "extraData": "0xf83aa00000000000000000000000000000000000000000000000000000000000000000d59491f0cbb9b9df0cf3321981f19341cd2897f8d971c080c0"
}