timestamp,function,duration_seconds,memory_kb,total_cpu_time_seconds
2025-08-15 23:21:22,generate_keys,0.0849,105.81,0.0845
2025-08-16 00:31:44,generate_keys,0.0897,105.81,0.0882
2025-08-16 02:17:52,generate_keys,0.0906,106.03,0.0886
2025-08-16 02:20:51,generate_keys,0.0922,105.79,0.0911
2025-08-16 02:23:00,generate_keys,0.0869,105.97,0.0865
2025-08-16 02:42:34,generate_keys,0.0901,105.99,0.0887
2025-08-16 02:57:41,generate_keys,0.0898,105.94,0.0882
2025-08-16 03:05:29,generate_keys,0.0874,105.85,0.0870
2025-08-16 03:08:51,generate_keys,0.0916,106.03,0.0891
2025-08-16 03:19:59,generate_keys,0.0893,105.82,0.0887
2025-08-16 03:24:45,generate_keys,0.0888,105.82,0.0881
2025-08-16 13:38:33,load_enode_address,0.0000,0.96,0.0000
2025-08-16 13:38:33,start_blockchain_node,0.0020,0.00,0.0011
2025-08-16 13:40:15,load_enode_address,0.0000,0.86,0.0000
2025-08-16 13:40:15,start_blockchain_node,0.0010,0.00,0.0010
2025-08-16 13:40:44,load_enode_address,0.0001,0.80,0.0001
2025-08-16 13:40:44,start_blockchain_node,0.0009,0.00,0.0009
2025-08-16 13:43:42,load_enode_address,0.0001,0.80,0.0001
2025-08-16 13:43:42,start_blockchain_node,0.0010,0.00,0.0010
2025-08-16 13:47:04,load_enode_address,0.0001,0.70,0.0001
2025-08-16 13:47:04,start_blockchain_node,0.0010,0.00,0.0010
2025-08-16 13:47:25,load_enode_address,0.0001,0.80,0.0001
2025-08-16 13:47:25,start_blockchain_node,0.0010,0.00,0.0010
2025-08-16 14:11:46,generate_keys,0.0900,105.90,0.0895
2025-08-16 14:14:25,generate_keys,0.0857,106.00,0.0854
2025-08-16 14:36:15,generate_keys,0.0934,105.86,0.0907
2025-08-16 14:41:19,generate_keys,0.0906,105.85,0.0897
2025-08-16 14:52:29,load_enode_address,0.0002,0.97,0.0002
2025-08-16 15:05:49,generate_keys,0.0853,106.02,0.0831
2025-08-16 15:08:26,generate_keys,0.0901,106.02,0.0885
2025-08-16 15:10:38,generate_keys,0.0900,105.97,0.0892
2025-08-16 15:11:40,load_enode_address,0.0002,1.07,0.0002
2025-08-16 16:26:43,generate_keys,0.0881,105.96,0.0866
2025-08-16 16:52:36,generate_keys,0.0921,106.01,0.0905
2025-08-16 16:52:41,generate_keys,0.0900,105.96,0.0894
2025-08-16 16:53:52,generate_keys,0.0882,105.91,0.0878
2025-08-16 16:54:42,generate_keys,0.0883,106.02,0.0878
2025-08-16 16:54:54,generate_keys,0.0881,105.98,0.0869
2025-08-16 17:00:46,generate_keys,0.0863,105.92,0.0859
2025-08-16 17:01:17,load_enode_address,0.0002,0.97,0.0002
2025-08-16 17:33:40,generate_keys,0.0973,105.87,0.0929
2025-08-16 17:37:31,generate_keys,0.0883,105.97,0.0878
2025-08-16 17:39:09,load_enode_address,0.0002,0.97,0.0002
2025-08-16 17:43:50,generate_keys,0.0928,106.03,0.0898
2025-08-16 17:46:34,load_enode_address,0.0002,0.97,0.0002
2025-08-16 17:52:46,generate_keys,0.0869,105.96,0.0865
2025-08-16 17:53:13,load_enode_address,0.0002,0.97,0.0002
2025-08-16 19:56:53,generate_keys,0.0915,106.08,0.0890
2025-08-16 19:59:49,load_enode_address,0.0002,0.97,0.0002
2025-08-16 21:46:33,generate_keys,0.0886,105.98,0.0861
2025-08-16 21:51:15,load_enode_address,0.0002,1.07,0.0002
2025-08-16 22:39:17,generate_keys,0.0921,106.02,0.0905
2025-08-16 22:41:02,load_enode_address,0.0002,1.16,0.0002
2025-08-17 00:32:24,generate_keys,0.0906,106.02,0.0900
2025-08-17 00:35:07,load_enode_address,0.0002,1.07,0.0002
2025-08-17 01:15:29,load_enode_address,0.0002,1.07,0.0002
2025-08-17 01:15:41,start_blockchain_node,12.6725,0.00,0.0112
2025-08-17 01:30:32,generate_keys,0.0894,106.02,0.0887
2025-08-17 01:33:07,load_enode_address,0.0002,1.07,0.0002
2025-08-17 01:42:49,generate_keys,0.0898,106.06,0.0885
2025-08-17 01:44:19,load_enode_address,0.0002,1.07,0.0002
2025-08-17 02:04:42,generate_keys,0.0888,106.02,0.0884
2025-08-17 02:06:46,load_enode_address,0.0002,0.92,0.0002
2025-08-17 03:04:14,generate_keys,0.0869,106.13,0.0850
2025-08-17 03:06:55,load_enode_address,0.0002,0.97,0.0002
2025-08-17 03:08:17,load_enode_address,0.0002,1.16,0.0002
2025-08-17 03:33:40,generate_keys,0.0895,106.14,0.0871
2025-08-17 03:34:47,generate_keys,0.0905,106.03,0.0887
2025-08-17 03:37:43,generate_keys,0.0935,105.96,0.0909
2025-08-17 03:38:25,generate_keys,0.0881,105.99,0.0875
2025-08-17 03:42:14,load_enode_address,0.0002,1.07,0.0002
2025-08-20 19:39:21,generate_keys,0.0916,106.18,0.0892
2025-08-20 19:44:02,generate_keys,0.0891,106.09,0.0885
2025-08-20 20:52:00,generate_keys,0.0879,106.00,0.0873
2025-08-20 20:54:01,load_enode_address,0.0002,1.07,0.0002
2025-08-21 00:04:38,generate_keys,0.0893,109.13,0.0889
2025-08-21 00:14:32,generate_keys,0.0887,109.19,0.0872
2025-08-21 00:55:32,generate_keys,0.0872,109.19,0.0868
2025-08-21 00:57:45,generate_keys,0.0860,106.12,0.0855
2025-08-21 01:01:26,generate_keys,0.0857,106.03,0.0849
2025-08-21 01:03:44,generate_keys,0.0895,106.12,0.0889
2025-08-21 01:10:03,generate_keys,0.0872,106.07,0.0867
2025-08-21 01:11:53,generate_keys,0.0881,105.99,0.0871
2025-08-21 01:12:55,generate_keys,0.0854,106.12,0.0851
2025-08-21 01:15:53,generate_keys,0.0883,106.03,0.0858
2025-08-21 01:27:45,generate_keys,0.0873,106.12,0.0867
2025-08-21 01:31:17,generate_keys,0.0858,105.97,0.0854
2025-08-21 01:33:30,generate_keys,0.0861,106.12,0.0856
2025-08-21 01:44:50,generate_keys,0.0874,106.01,0.0868
2025-08-21 01:46:11,generate_keys,0.0906,106.08,0.0902
2025-08-21 01:51:27,generate_keys,0.0880,106.07,0.0876
2025-08-21 01:53:05,generate_keys,0.0845,106.00,0.0842
2025-08-21 01:57:07,generate_keys,0.0886,106.12,0.0881
2025-08-21 01:58:15,generate_keys,0.0898,106.00,0.0893
2025-08-21 02:06:43,generate_keys,0.0929,106.03,0.0898
2025-08-21 02:07:46,generate_keys,0.0893,106.08,0.0886
2025-08-21 02:17:06,load_enode_address,0.0001,0.70,0.0001
2025-08-21 02:17:06,start_blockchain_node,0.0009,0.00,0.0009
2025-08-21 02:17:19,load_enode_address,0.0001,0.70,0.0001
2025-08-21 02:17:19,start_blockchain_node,0.0009,0.00,0.0009
2025-08-21 02:17:50,load_enode_address,0.0001,0.70,0.0001
2025-08-21 02:17:50,start_blockchain_node,0.0009,0.00,0.0010
2025-08-21 02:18:11,load_enode_address,0.0001,0.70,0.0001
2025-08-21 02:18:11,start_blockchain_node,0.0009,0.00,0.0009
2025-08-21 02:19:25,generate_keys,0.0872,109.11,0.0868
2025-08-21 02:20:31,generate_keys,0.0917,109.12,0.0908
2025-08-21 02:23:17,load_enode_address,0.0002,0.97,0.0002
2025-08-21 02:33:22,load_enode_address,0.0002,0.97,0.0002
2025-08-21 02:33:30,start_blockchain_node,8.3296,0.00,0.0096
2025-08-21 03:01:00,generate_keys,0.0889,109.18,0.0884
2025-08-21 03:03:44,load_enode_address,0.0002,0.97,0.0002
2025-08-24 22:28:46,generate_keys,0.0968,109.36,0.0896
2025-08-24 22:48:17,generate_keys,0.0902,109.09,0.0896
2025-08-24 22:59:52,load_enode_address,0.0002,0.97,0.0002
2025-08-25 21:57:54,load_enode_address,0.0002,0.97,0.0002
2025-08-25 21:58:08,start_blockchain_node,14.0861,0.00,0.0135
2025-08-25 21:59:27,generate_keys,0.0902,109.15,0.0894
2025-08-25 22:06:12,load_enode_address,0.0002,0.97,0.0002
2025-08-25 22:49:09,generate_keys,0.0919,109.18,0.0900
2025-08-25 22:53:42,load_enode_address,0.0002,1.07,0.0002
2025-08-26 00:14:15,generate_keys,0.0891,109.17,0.0886
2025-08-26 00:18:09,load_enode_address,0.0002,1.07,0.0002
2025-08-26 00:24:02,generate_keys,0.0871,109.18,0.0867
2025-08-26 00:24:52,load_enode_address,0.0002,0.97,0.0002
2025-08-26 00:28:08,generate_keys,0.0894,109.18,0.0889
2025-08-26 00:30:53,load_enode_address,0.0002,0.97,0.0002
2025-08-26 00:43:03,generate_keys,0.0862,109.18,0.0857
2025-08-26 00:43:41,load_enode_address,0.0002,0.97,0.0002
2025-08-26 01:37:32,generate_keys,0.0897,109.08,0.0893
2025-08-26 01:38:54,load_enode_address,0.0002,1.07,0.0002
2025-08-26 01:51:09,generate_keys,0.0880,109.22,0.0870
2025-08-26 01:54:05,load_enode_address,0.0002,0.97,0.0002
2025-08-26 02:00:54,generate_keys,0.0874,109.08,0.0868
2025-08-26 02:03:45,load_enode_address,0.0002,1.07,0.0002
