timestamp,function,duration_seconds,memory_kb,total_cpu_time_seconds
2025-07-17 14:41:10,check_smart_contract,0.0003,1.02,0.0003
2025-07-17 14:41:10,check_smart_contract_deployment,0.6585,1.36,0.0097
2025-07-17 14:41:11,verify_node_identity,0.1928,2229.98,0.1914
2025-07-17 14:41:11,is_node_registered_js,0.4065,1.09,0.007

2025-07-17 14:45:57,check_smart_contract,0.0003,0.87,0.0003
2025-07-17 14:45:58,check_smart_contract_deployment,0.4338,1.06,0.0157
2025-07-17 14:45:58,verify_node_identity,0.0504,1.27,0.0503
2025-07-17 14:45:58,is_node_registered_js,0.3938,1.09,0.0068

2025-07-17 15:05:23,check_smart_contract,0.0003,0.98,0.0004
2025-07-17 15:05:24,check_smart_contract_deployment,0.6598,1.36,0.0092
2025-07-17 15:05:24,verify_node_identity,0.1932,2228.89,0.192
2025-07-17 15:05:25,is_node_registered_js,0.4113,1.09,0.007

2025-07-17 15:09:07,check_smart_contract,0.0003,0.87,0.0003
2025-07-17 15:09:07,check_smart_contract_deployment,0.4407,1.06,0.0173
2025-07-17 15:09:07,verify_node_identity,0.0509,1.27,0.0509
2025-07-17 15:09:08,is_node_registered_js,0.403,38.63,0.0127

2025-07-17 15:31:25,check_smart_contract,0.0009,0.98,0.0005
2025-07-17 15:31:30,check_smart_contract_deployment,4.8283,1.31,0.0321
2025-07-17 15:31:31,verify_node_identity,0.8873,2228.87,0.7264
2025-07-17 15:31:33,is_node_registered_js,2.0935,1.09,0.0283

2025-07-17 15:34:10,check_smart_contract,0.0003,0.87,0.0003
2025-07-17 15:34:11,check_smart_contract_deployment,0.5128,1.09,0.0203
2025-07-17 15:34:11,verify_node_identity,0.0838,1.27,0.0837
2025-07-17 15:34:15,is_node_registered_js,4.0184,1.09,0.0141

