{
	"ulid": "01K0H5ZET0A3FJ0C5YDC5CCDBN",
	"minTime": 1752840000343,
	"maxTime": 1752904800000,
	"stats": {
		"numSamples": 30895,
		"numSeries": 30,
		"numChunks": 481
	},
	"compaction": {
		"level": 3,
		"sources": [
			"01K0F0SMEFXH4NW5QSWXX7K7HG",
			"01K0F8MR08ZKSEBZMJAW2BR3G7",
			"01K0FFJ11M54VYRYNBX6PSC31K",
			"01K0FPHFCWW1JN43ZDVEF7TFHB",
			"01K0FYAPGA4BPS8EDYN3MDAQ53",
			"01K0G4TT51BKSC2D97VBWV5HWD",
			"01K0GE4Q15X4S37WBHJQ56TNEC",
			"01K0GMZ8YEFKY24SNQ0FYHKCM8",
			"01K0GV5YQF9P6FEBYBQGAGACTQ"
		],
		"parents": [
			{
				"ulid": "01K0FYAQ31JGBAFCEQJ70ZJVR0",
				"minTime": 1752840000343,
				"maxTime": 1752861600000
			},
			{
				"ulid": "01K0GMZ969DE4Q1KPKVBP08ADA",
				"minTime": 1752862284508,
				"maxTime": 1752883200000
			},
			{
				"ulid": "01K0H5ZEK2EB3P3NH13XCCX8GP",
				"minTime": 1752884991693,
				"maxTime": 1752904800000
			}
		]
	},
	"version": 1
}