{
	"ulid": "01K0BF5Z07HWQ3H0XBJEBQKBBW",
	"minTime": 1752646592848,
	"maxTime": 1752710400000,
	"stats": {
		"numSamples": 62425,
		"numSeries": 30,
		"numChunks": 596
	},
	"compaction": {
		"level": 3,
		"sources": [
			"01K098BXSR5RMZSCPJRPFKD4A6",
			"01K09FCS92YNJYHYVVKE25NWRZ",
			"01K09NA54G32GZF5H4M9V52DRA",
			"01K09W32G6WQ6CH894XJ4E8JBJ",
			"01K0A2W1SHSNEAX4F2BHDD0CPC",
			"01K0A9QS4W47XHDP37AW0MSRBG",
			"01K0AH1GZ8PV8E7GNA17YM3X14",
			"01K0AQZQ6SB06QHK3GTDA2TJ9H",
			"01K0B0ZQM22C5ER0QWBHQR35CK"
		],
		"parents": [
			{
				"ulid": "01K0A2W26CZCJ190DTP624QK7X",
				"minTime": 1752646592848,
				"maxTime": 1752667200000
			},
			{
				"ulid": "01K0AQZR9362D1389PW6ZFHRHD",
				"minTime": 1752667201005,
				"maxTime": 1752688800000
			},
			{
				"ulid": "01K0BF5XZ00ZHNV6RAYZV1BHQZ",
				"minTime": 1752688801807,
				"maxTime": 1752710400000
			}
		]
	},
	"version": 1
}